Name,Sequence
Mecp2-stop-common,AACAGTGCCAGCTGCTCTTC
Mecp2-stop-wt,CTGTATCCTTGGGTCAAGCTG
Mecp2-stop-tg,GCCAGAGGCCACTTGTGTAG
Hdac2-3857f,CCGTAGAAACACTACTGTCG
Hdac2-4208r,CTCCTTGACTGTACGCCATG
IP3R2-P1,GCTGTGCCCAAAATCCTAGCACTG
IP3R2-P2,CATGCAGAGGTCGTGTCAGTCATT
IP3R2-P4,AGTGATACAGGGCAAGTTCATAC
IP3R2-FRT-NEO,AATGGGCTGACCGCTTCCTCGT
CREB-F3,GCATGTGCAGATAAAACACCC
CREB-R1,GTCTGACAGTAGGGCAAACA
Mecp2-bird-common,AAATTGGGTTACACCGCTGA
Mecp2-bird-mt,CCACCTAGCCTGCCTGTACT
Mecp2-bird-wt,CTGTATCCTTGGGTCAAGCTG
Mecp2-Nsi-5-common,CACCACAGAAGTACTATGATC
Mecp2-Nsi-3-wt,ATGCTGACAAGCTTTCTTCTA
Mecp2-2lox-3(Mut),CTAGGTAAGAGCTCTTGTTGA
mqMecp2-Exon3-F,GAAAGCTCAGGCTCTGCCC
mqMecp2-Exon3-R,CAGATCGGCCAGACTTCCTT
Cre-F,GAACCTGAAGATGTTCGGGAT
Cre-R,ACCGTCAGTACGTGAGATATC
Trpc4-F,CTGGAAGAGGGAATGTCAAATTGAGTG
Trpc4-R,TCTGGTTCAGTCAGTGACAGAGACC
Trpc4-ttR,ATAATGGGCACTTACTGCACTCACG
Trpc4-loxF,GAGATGGCGCAACGCAATTAATG
Nco-F,TCACAAGTTAACAGTGCCAGCTGC
Nco-R,ACCCCTTGGGACTGAAGTTACAGA
Flag-F,CTTGTCGTCGTCGTCCTTGTAG
Flag-R,AGCCTCAGGACTTGAGCAGCA
mqMecp2-Exon1-F, GAGGCGAGGAGGAGAGAC
mqMecp2-Exon2-F, TGTAGACCAGCTCCAACAG
mqMecp2-Exon4-R1,GCAGATGTGGTAGCCCCA
mqMecp2-Exon4-R2,cctctcccagttaccgtg
mqMecp2-Exon1-F1,gctgtggtaaaacccgtcc
mqMecp2-Exon2-F1, GACTCACCAGTTCCTGCTT
mqMecp2-Exon4-R3, GCTTCTTAGGTGGTTTCTGC
mqMecp2-Exon4-R4,  CCCAGTTACCGTGAAGTCAA

